{"FrontFlippers":0,"RearFlippers":0,"ArmJoint1":0.20000000000000004,"ArmJoint2":0.10000000000000003,"ArmJoint3":0,"ArmJoint4":0}